step,actic loss,critic loss,average distance,time
10,-413.2391,106.5728,10.4085,0min2sec
20,-319.2349,80.1454,10.3501,0min2sec
30,-176.0633,60.1080,10.1658,0min2sec
40,-132.2767,46.2961,9.8543,0min2sec
50,-106.7700,37.5210,9.4801,0min2sec
60,-89.2892,31.5853,9.1802,0min2sec
70,-76.7700,27.3288,8.9571,0min2sec
80,-67.3144,24.1170,8.7850,0min2sec
90,-59.8821,21.6045,8.6479,0min2sec
100,-54.0100,19.5884,8.5336,0min2sec
110,-49.1360,17.9337,8.4433,0min2sec
120,-45.0917,16.5512,8.3689,0min2sec
130,-41.6406,15.3790,8.3011,0min2sec
140,-38.7279,14.3732,8.2436,0min2sec
150,-36.1805,13.5008,8.1921,0min2sec
160,-33.9355,12.7432,8.1486,0min2sec
170,-31.9702,12.0772,8.1109,0min2sec
180,-30.2179,11.4837,8.0795,0min2sec
190,-28.6506,10.9507,8.0511,0min2sec
200,-27.2409,10.4724,8.0248,0min2sec
210,-25.9485,10.0371,8.0013,0min2sec
220,-24.7852,9.6406,7.9777,0min2sec
230,-23.7150,9.2748,7.9625,0min2sec
240,-22.7394,8.9406,7.9463,0min2sec
250,-21.8311,8.6346,7.9310,0min2sec
260,-20.9676,8.3532,7.9197,0min2sec
270,-20.2039,8.0900,7.9041,0min2sec
280,-19.4796,7.8480,7.8893,0min1sec
290,-18.8186,7.6241,7.8754,0min1sec
300,-18.2018,7.4159,7.8620,0min2sec
310,-17.6114,7.2171,7.8487,0min2sec
320,-17.0735,7.0302,7.8391,0min2sec
330,-16.5554,6.8562,7.8288,0min2sec
340,-16.0761,6.6917,7.8174,0min2sec
350,-15.6112,6.5353,7.8069,0min2sec
360,-15.1778,6.3905,7.7975,0min2sec
370,-14.7656,6.2528,7.7885,0min2sec
380,-14.3643,6.1225,7.7793,0min2sec
390,-14.0009,5.9971,7.7719,0min2sec
400,-13.6480,5.8775,7.7645,0min2sec
410,-13.3114,5.7648,7.7593,0min2sec
420,-13.0006,5.6582,7.7518,0min2sec
430,-12.7002,5.5547,7.7451,0min2sec
440,-12.4145,5.4558,7.7384,0min2sec
450,-12.1408,5.3619,7.7328,0min2sec
460,-11.8771,5.2722,7.7280,0min2sec
470,-11.6293,5.1854,7.7230,0min2sec
480,-11.3884,5.1037,7.7188,0min2sec
490,-11.1580,5.0242,7.7143,0min2sec
500,-10.9369,4.9480,7.7096,0min2sec
510,-10.7160,4.8759,7.7045,0min2sec
520,-10.5097,4.8065,7.7011,0min2sec
530,-10.3134,4.7390,7.6965,0min2sec
540,-10.1267,4.6743,7.6930,0min2sec
550,-9.9443,4.6121,7.6893,0min2sec
560,-9.7727,4.5520,7.6848,0min2sec
570,-9.6048,4.4938,7.6806,0min2sec
580,-9.4405,4.4380,7.6769,0min2sec
590,-9.2847,4.3832,7.6732,0min2sec
600,-9.1268,4.3304,7.6701,0min2sec
610,-8.9781,4.2795,7.6667,0min2sec
620,-8.8338,4.2302,7.6642,0min2sec
630,-8.6958,4.1825,7.6611,0min2sec
640,-8.5565,4.1359,7.6587,0min2sec
650,-8.4322,4.0931,7.6568,0min2sec
660,-8.3080,4.0507,7.6553,0min2sec
670,-8.1761,4.0081,7.6556,0min2sec
680,-8.0567,3.9667,7.6568,0min2sec
690,-7.9436,3.9262,7.6551,0min2sec
700,-7.8330,3.8876,7.6533,0min2sec
710,-7.7182,3.8502,7.6513,0min2sec
720,-7.6123,3.8135,7.6491,0min2sec
730,-7.5146,3.7782,7.6473,0min2sec
740,-7.4131,3.7436,7.6459,0min2sec
750,-7.3149,3.7104,7.6451,0min2sec
760,-7.2188,3.6777,7.6443,0min2sec
770,-7.1245,3.6457,7.6432,0min2sec
780,-7.0373,3.6144,7.6414,0min2sec
790,-6.9471,3.5842,7.6400,0min2sec
800,-6.8598,3.5540,7.6374,0min2sec
810,-6.7742,3.5253,7.6354,0min2sec
820,-6.6910,3.4972,7.6333,0min2sec
830,-6.6140,3.4699,7.6310,0min2sec
840,-6.5343,3.4431,7.6291,0min2sec
850,-6.4590,3.4172,7.6274,0min2sec
860,-6.3813,3.3915,7.6258,0min2sec
870,-6.3074,3.3669,7.6243,0min2sec
880,-6.2369,3.3425,7.6224,0min2sec
890,-6.1673,3.3189,7.6208,0min2sec
900,-6.0981,3.2957,7.6193,0min2sec
910,-6.0304,3.2730,7.6178,0min2sec
920,-5.9647,3.2518,7.6160,0min2sec
930,-5.9009,3.2305,7.6146,0min2sec
940,-5.8412,3.2097,7.6137,0min2sec
950,-5.7825,3.1896,7.6126,0min2sec
960,-5.7250,3.1695,7.6106,0min2sec
970,-5.6668,3.1501,7.6089,0min2sec
980,-5.6090,3.1310,7.6077,0min2sec
990,-5.5541,3.1118,7.6061,0min2sec
1000,-5.4991,3.0932,7.6043,0min2sec
1010,-5.4461,3.0749,7.6027,0min2sec
1020,-5.3904,3.0573,7.6015,0min2sec
1030,-5.3396,3.0400,7.6000,0min2sec
1040,-5.2891,3.0227,7.5984,0min2sec
1050,-5.2378,3.0057,7.5973,0min2sec
1060,-5.1927,2.9895,7.5962,0min2sec
1070,-5.1428,2.9726,7.5954,0min2sec
1080,-5.0952,2.9568,7.5943,0min2sec
1090,-5.0490,2.9407,7.5934,0min2sec
1100,-5.0033,2.9255,7.5923,0min2sec
1110,-4.9581,2.9100,7.5919,0min2sec
1120,-4.9123,2.8949,7.5911,0min2sec
1130,-4.8706,2.8799,7.5902,0min2sec
1140,-4.8277,2.8649,7.5894,0min2sec
1150,-4.7857,2.8505,7.5882,0min2sec
1160,-4.7459,2.8364,7.5873,0min2sec
1170,-4.7004,2.8233,7.5861,0min2sec
1180,-4.6605,2.8097,7.5849,0min2sec
1190,-4.6236,2.7965,7.5838,0min2sec
1200,-4.5845,2.7838,7.5830,0min2sec
1210,-4.5468,2.7709,7.5820,0min2sec
1220,-4.5103,2.7581,7.5810,0min2sec
1230,-4.4750,2.7458,7.5801,0min2sec
1240,-4.4382,2.7334,7.5791,0min2sec
1250,-4.4038,2.7212,7.5779,0min2sec
1260,-4.3702,2.7096,7.5768,0min2sec
1270,-4.3364,2.6977,7.5759,0min2sec
1280,-4.3030,2.6863,7.5747,0min2sec
1290,-4.2705,2.6751,7.5736,0min2sec
1300,-4.2376,2.6637,7.5729,0min2sec
1310,-4.2054,2.6525,7.5720,0min2sec
1320,-4.1737,2.6418,7.5718,0min2sec
1330,-4.1421,2.6306,7.5714,0min2sec
1340,-4.1096,2.6212,7.5707,0min2sec
1350,-4.0824,2.6118,7.5697,0min2sec
1360,-4.0543,2.6016,7.5688,0min2sec
1370,-4.0246,2.5917,7.5680,0min2sec
1380,-3.9947,2.5817,7.5675,0min2sec
1390,-3.9666,2.5720,7.5666,0min2sec
1400,-3.9380,2.5627,7.5659,0min2sec
1410,-3.9122,2.5535,7.5658,0min2sec
1420,-3.8863,2.5445,7.5653,0min2sec
1430,-3.8616,2.5357,7.5648,0min2sec
1440,-3.8333,2.5265,7.5645,0min2sec
1450,-3.8081,2.5177,7.5639,0min2sec
1460,-3.7821,2.5086,7.5631,0min2sec
1470,-3.7558,2.4994,7.5623,0min2sec
1480,-3.7302,2.4907,7.5616,0min2sec
1490,-3.7056,2.4820,7.5614,0min2sec
1500,-3.6822,2.4734,7.5611,0min2sec
1510,-3.6574,2.4648,7.5610,0min2sec
1520,-3.6325,2.4567,7.5604,0min2sec
1530,-3.6088,2.4489,7.5597,0min2sec
1540,-3.5862,2.4410,7.5589,0min2sec
1550,-3.5629,2.4334,7.5581,0min2sec
1560,-3.5415,2.4256,7.5574,0min2sec
1570,-3.5205,2.4181,7.5567,0min2sec
1580,-3.4980,2.4106,7.5559,0min2sec
1590,-3.4755,2.4029,7.5549,0min2sec
1600,-3.4542,2.3957,7.5539,0min2sec
1610,-3.4324,2.3883,7.5528,0min2sec
1620,-3.4117,2.3810,7.5518,0min2sec
1630,-3.3920,2.3738,7.5506,0min2sec
1640,-3.3718,2.3666,7.5497,0min2sec
1650,-3.3530,2.3600,7.5491,0min2sec
1660,-3.3294,2.3544,7.5483,0min2sec
1670,-3.3084,2.3485,7.5479,0min2sec
1680,-3.2887,2.3426,7.5475,0min2sec
1690,-3.2707,2.3361,7.5467,0min2sec
1700,-3.2508,2.3301,7.5459,0min2sec
1710,-3.2324,2.3240,7.5450,0min2sec
1720,-3.2154,2.3184,7.5446,0min2sec
1730,-3.1971,2.3131,7.5444,0min2sec
1740,-3.1796,2.3077,7.5443,0min2sec
1750,-3.1627,2.3026,7.5444,0min2sec
1760,-3.1464,2.2970,7.5441,0min2sec
1770,-3.1296,2.2912,7.5436,0min2sec
1780,-3.1107,2.2852,7.5431,0min2sec
1790,-3.0933,2.2784,7.5425,0min2sec
1800,-3.0757,2.2718,7.5416,0min2sec
1810,-3.0615,2.2644,7.5398,0min2sec
1820,-3.0426,2.2557,7.5352,0min2sec
1830,-3.0265,2.2461,7.5277,0min2sec
1840,-3.0129,2.2367,7.5195,0min2sec
1850,-2.9974,2.2266,7.5097,0min2sec
1860,-2.9811,2.2162,7.4986,0min2sec
1870,-2.9666,2.2060,7.4873,0min2sec
1880,-2.9506,2.1960,7.4757,0min2sec
1890,-2.9350,2.1861,7.4638,0min2sec
1900,-2.9199,2.1764,7.4512,0min2sec
1910,-2.9058,2.1666,7.4383,0min2sec
1920,-2.8906,2.1568,7.4253,0min2sec
1930,-2.8766,2.1472,7.4123,0min2sec
1940,-2.8619,2.1376,7.3993,0min2sec
1950,-2.8476,2.1282,7.3862,0min2sec
1960,-2.8339,2.1191,7.3730,0min2sec
1970,-2.8233,2.1102,7.3598,0min2sec
1980,-2.8103,2.1011,7.3461,0min2sec
1990,-2.7965,2.0918,7.3324,0min2sec
2000,-2.7837,2.0826,7.3188,0min2sec
2010,-2.7706,2.0734,7.3051,0min2sec
2020,-2.7571,2.0645,7.2916,0min2sec
2030,-2.7442,2.0555,7.2778,0min2sec
2040,-2.7313,2.0465,7.2642,0min2sec
2050,-2.7194,2.0376,7.2507,0min2sec
2060,-2.7074,2.0289,7.2371,0min2sec
2070,-2.6949,2.0201,7.2235,0min2sec
2080,-2.6831,2.0114,7.2098,0min2sec
2090,-2.6707,2.0026,7.1961,0min2sec
2100,-2.6584,1.9940,7.1826,0min2sec
2110,-2.6470,1.9855,7.1691,0min2sec
2120,-2.6359,1.9772,7.1560,0min2sec
2130,-2.6239,1.9688,7.1428,0min2sec
2140,-2.6122,1.9606,7.1299,0min2sec
2150,-2.6005,1.9523,7.1170,0min2sec
2160,-2.5893,1.9442,7.1041,0min2sec
2170,-2.5781,1.9361,7.0910,0min2sec
2180,-2.5666,1.9280,7.0782,0min2sec
2190,-2.5541,1.9201,7.0655,0min2sec
2200,-2.5444,1.9123,7.0530,0min2sec
2210,-2.5332,1.9045,7.0407,0min2sec
2220,-2.5223,1.8968,7.0284,0min2sec
2230,-2.5108,1.8892,7.0161,0min2sec
2240,-2.5001,1.8815,7.0039,0min2sec
2250,-2.4894,1.8738,6.9916,0min2sec
2260,-2.4791,1.8663,6.9795,0min2sec
2270,-2.4683,1.8588,6.9675,0min2sec
2280,-2.4589,1.8515,6.9557,0min2sec
2290,-2.4472,1.8445,6.9442,0min2sec
2300,-2.4375,1.8372,6.9325,0min2sec
2310,-2.4271,1.8300,6.9209,0min2sec
2320,-2.4172,1.8229,6.9095,0min2sec
2330,-2.4072,1.8158,6.8980,0min2sec
2340,-2.3973,1.8087,6.8866,0min2sec
2350,-2.3877,1.8018,6.8755,0min2sec
2360,-2.3777,1.7949,6.8643,0min2sec
2370,-2.3681,1.7880,6.8532,0min2sec
2380,-2.3586,1.7812,6.8423,0min2sec
2390,-2.3491,1.7744,6.8315,0min2sec
2400,-2.3395,1.7677,6.8206,0min2sec
2410,-2.3301,1.7610,6.8098,0min2sec
2420,-2.3208,1.7544,6.7992,0min2sec
2430,-2.3118,1.7478,6.7886,0min2sec
2440,-2.3027,1.7414,6.7781,0min2sec
2450,-2.2937,1.7350,6.7678,0min2sec
2460,-2.2849,1.7286,6.7575,0min2sec
2470,-2.2758,1.7222,6.7473,0min2sec
2480,-2.2674,1.7159,6.7371,0min2sec
2490,-2.2586,1.7097,6.7270,0min2sec
2500,-2.2498,1.7035,6.7171,0min2sec
2510,-2.2414,1.6974,6.7071,0min2sec
2520,-2.2329,1.6913,6.6972,0min2sec
2530,-2.2248,1.6852,6.6874,0min2sec
2540,-2.2163,1.6792,6.6776,0min2sec
2550,-2.2081,1.6733,6.6679,0min2sec
2560,-2.1998,1.6675,6.6584,0min2sec
2570,-2.1913,1.6618,6.6490,0min2sec
2580,-2.1836,1.6559,6.6396,0min2sec
2590,-2.1754,1.6501,6.6301,0min2sec
2600,-2.1674,1.6443,6.6207,0min2sec
2610,-2.1594,1.6386,6.6114,0min2sec
2620,-2.1516,1.6330,6.6022,0min2sec
2630,-2.1437,1.6273,6.5931,0min2sec
2640,-2.1358,1.6218,6.5840,0min2sec
2650,-2.1281,1.6162,6.5750,0min1sec
2660,-2.1203,1.6107,6.5661,0min2sec
2670,-2.1125,1.6052,6.5573,0min2sec
2680,-2.1048,1.5998,6.5483,0min2sec
2690,-2.0975,1.5944,6.5395,0min2sec
2700,-2.0902,1.5891,6.5308,0min2sec
2710,-2.0824,1.5838,6.5222,0min2sec
2720,-2.0750,1.5786,6.5137,0min2sec
2730,-2.0678,1.5734,6.5051,0min2sec
2740,-2.0607,1.5682,6.4967,0min2sec
2750,-2.0532,1.5630,6.4883,0min2sec
2760,-2.0459,1.5579,6.4800,0min2sec
2770,-2.0387,1.5528,6.4718,0min2sec
2780,-2.0316,1.5478,6.4635,0min2sec
2790,-2.0246,1.5428,6.4555,0min2sec
2800,-2.0177,1.5378,6.4474,0min2sec
2810,-2.0108,1.5328,6.4394,0min2sec
2820,-2.0039,1.5279,6.4314,0min2sec
2830,-1.9972,1.5230,6.4235,0min2sec
2840,-1.9903,1.5182,6.4156,0min2sec
2850,-1.9836,1.5134,6.4077,0min2sec
2860,-1.9768,1.5086,6.3999,0min2sec
2870,-1.9704,1.5039,6.3922,0min2sec
2880,-1.9637,1.4992,6.3845,0min2sec
2890,-1.9570,1.4945,6.3769,0min2sec
2900,-1.9508,1.4899,6.3693,0min2sec
2910,-1.9442,1.4852,6.3617,0min2sec
2920,-1.9377,1.4806,6.3542,0min2sec
2930,-1.9312,1.4761,6.3467,0min2sec
2940,-1.9249,1.4716,6.3394,0min2sec
2950,-1.9187,1.4671,6.3322,0min2sec
2960,-1.9123,1.4627,6.3251,0min2sec
2970,-1.9065,1.4583,6.3178,0min2sec
2980,-1.9002,1.4539,6.3107,0min2sec
2990,-1.8942,1.4496,6.3035,0min2sec
3000,-1.8882,1.4452,6.2964,0min2sec
3010,-1.8819,1.4409,6.2894,0min2sec
3020,-1.8761,1.4366,6.2824,0min2sec
3030,-1.8698,1.4324,6.2754,0min2sec
3040,-1.8639,1.4281,6.2685,0min2sec
3050,-1.8579,1.4239,6.2617,0min2sec
3060,-1.8518,1.4197,6.2548,0min2sec
3070,-1.8460,1.4156,6.2481,0min2sec
3080,-1.8402,1.4114,6.2414,0min2sec
3090,-1.8345,1.4073,6.2348,0min2sec
3100,-1.8289,1.4032,6.2283,0min2sec
3110,-1.8232,1.3992,6.2216,0min2sec
3120,-1.8176,1.3951,6.2151,0min2sec
3130,-1.8120,1.3911,6.2085,0min2sec
3140,-1.8065,1.3871,6.2020,0min2sec
3150,-1.8011,1.3832,6.1956,0min2sec
3160,-1.7956,1.3793,6.1892,0min2sec
3170,-1.7902,1.3753,6.1828,0min2sec
3180,-1.7848,1.3714,6.1764,0min2sec
3190,-1.7795,1.3676,6.1701,0min2sec
3200,-1.7742,1.3637,6.1638,0min2sec
3210,-1.7688,1.3599,6.1576,0min2sec
3220,-1.7635,1.3561,6.1513,0min2sec
3230,-1.7583,1.3523,6.1452,0min2sec
3240,-1.7529,1.3486,6.1390,0min2sec
3250,-1.7478,1.3449,6.1330,0min2sec
3260,-1.7425,1.3411,6.1268,0min2sec
3270,-1.7373,1.3374,6.1208,0min2sec
3280,-1.7322,1.3337,6.1147,0min2sec
3290,-1.7271,1.3301,6.1088,0min2sec
3300,-1.7223,1.3265,6.1029,0min2sec
3310,-1.7172,1.3230,6.0970,0min2sec
3320,-1.7123,1.3194,6.0911,0min2sec
3330,-1.7075,1.3158,6.0853,0min2sec
3340,-1.7025,1.3123,6.0795,0min2sec
3350,-1.6976,1.3087,6.0737,0min2sec
3360,-1.6928,1.3052,6.0680,0min2sec
3370,-1.6880,1.3017,6.0623,0min2sec
3380,-1.6833,1.2982,6.0566,0min2sec
3390,-1.6784,1.2948,6.0509,0min2sec
3400,-1.6737,1.2913,6.0453,0min2sec
3410,-1.6690,1.2879,6.0397,0min2sec
3420,-1.6643,1.2845,6.0342,0min2sec
3430,-1.6596,1.2811,6.0289,0min2sec
3440,-1.6549,1.2777,6.0235,0min2sec
3450,-1.6503,1.2744,6.0181,0min2sec
3460,-1.6458,1.2711,6.0127,0min2sec
3470,-1.6412,1.2678,6.0073,0min2sec
3480,-1.6367,1.2645,6.0020,0min2sec
3490,-1.6322,1.2612,5.9967,0min2sec
3500,-1.6276,1.2580,5.9915,0min2sec
3510,-1.6232,1.2547,5.9862,0min2sec
3520,-1.6187,1.2515,5.9810,0min1sec
3530,-1.6144,1.2483,5.9758,0min2sec
3540,-1.6099,1.2451,5.9707,0min2sec
3550,-1.6055,1.2419,5.9655,0min2sec
3560,-1.6012,1.2388,5.9604,0min2sec
3570,-1.5969,1.2357,5.9553,0min2sec
3580,-1.5926,1.2326,5.9503,0min2sec
3590,-1.5883,1.2295,5.9453,0min2sec
3600,-1.5841,1.2264,5.9403,0min2sec
3610,-1.5798,1.2234,5.9354,0min2sec
3620,-1.5757,1.2203,5.9305,0min2sec
3630,-1.5716,1.2173,5.9256,0min2sec
3640,-1.5673,1.2143,5.9207,0min2sec
3650,-1.5633,1.2113,5.9158,0min2sec
3660,-1.5593,1.2083,5.9110,0min2sec
3670,-1.5552,1.2053,5.9062,0min2sec
3680,-1.5513,1.2024,5.9015,0min1sec
3690,-1.5471,1.1994,5.8967,0min2sec
3700,-1.5431,1.1965,5.8919,0min2sec
3710,-1.5390,1.1936,5.8872,0min2sec
3720,-1.5352,1.1907,5.8824,0min2sec
3730,-1.5312,1.1878,5.8778,0min2sec
3740,-1.5272,1.1850,5.8732,0min2sec
3750,-1.5232,1.1821,5.8686,0min2sec
3760,-1.5194,1.1793,5.8640,0min2sec
3770,-1.5155,1.1765,5.8594,0min2sec
3780,-1.5116,1.1736,5.8548,0min2sec
3790,-1.5078,1.1709,5.8503,0min2sec
3800,-1.5039,1.1681,5.8459,0min2sec
3810,-1.5003,1.1653,5.8414,0min2sec
3820,-1.4966,1.1626,5.8369,0min2sec
3830,-1.4929,1.1599,5.8325,0min2sec
3840,-1.4892,1.1571,5.8280,0min2sec
3850,-1.4854,1.1544,5.8236,0min2sec
3860,-1.4817,1.1517,5.8192,0min2sec
3870,-1.4781,1.1490,5.8148,0min2sec
3880,-1.4744,1.1463,5.8104,0min2sec
3890,-1.4708,1.1436,5.8061,0min2sec
3900,-1.4672,1.1409,5.8017,0min2sec
3910,-1.4635,1.1383,5.7975,0min2sec
3920,-1.4599,1.1357,5.7932,0min2sec
3930,-1.4564,1.1330,5.7890,0min2sec
3940,-1.4529,1.1304,5.7848,0min2sec
3950,-1.4493,1.1278,5.7806,0min2sec
3960,-1.4458,1.1253,5.7764,0min2sec
3970,-1.4423,1.1227,5.7722,0min2sec
3980,-1.4388,1.1201,5.7681,0min2sec
3990,-1.4353,1.1176,5.7640,0min2sec
4000,-1.4319,1.1151,5.7599,0min2sec
4010,-1.4284,1.1126,5.7558,0min2sec
4020,-1.4250,1.1101,5.7518,0min1sec
4030,-1.4216,1.1075,5.7477,0min2sec
4040,-1.4182,1.1051,5.7437,0min2sec
4050,-1.4148,1.1027,5.7398,0min2sec
4060,-1.4113,1.1003,5.7358,0min2sec
4070,-1.4080,1.0979,5.7319,0min2sec
4080,-1.4047,1.0954,5.7280,0min2sec
4090,-1.4014,1.0930,5.7241,0min2sec
4100,-1.3982,1.0906,5.7203,0min2sec
4110,-1.3950,1.0882,5.7164,0min2sec
4120,-1.3918,1.0858,5.7125,0min2sec
4130,-1.3886,1.0834,5.7087,0min2sec
4140,-1.3855,1.0811,5.7049,0min2sec
4150,-1.3820,1.0788,5.7011,0min2sec
4160,-1.3788,1.0765,5.6973,0min2sec
4170,-1.3758,1.0742,5.6936,0min2sec
4180,-1.3727,1.0718,5.6899,0min2sec
4190,-1.3696,1.0695,5.6861,0min2sec
4200,-1.3665,1.0672,5.6824,0min2sec
4210,-1.3634,1.0649,5.6787,0min2sec
4220,-1.3603,1.0627,5.6750,0min2sec
4230,-1.3574,1.0604,5.6713,0min2sec
4240,-1.3543,1.0582,5.6677,0min2sec
4250,-1.3512,1.0559,5.6640,0min2sec
4260,-1.3482,1.0537,5.6605,0min2sec
4270,-1.3451,1.0515,5.6569,0min2sec
4280,-1.3421,1.0493,5.6533,0min2sec
4290,-1.3391,1.0471,5.6498,0min2sec
4300,-1.3361,1.0449,5.6463,0min2sec
4310,-1.3332,1.0427,5.6427,0min2sec
4320,-1.3302,1.0405,5.6392,0min2sec
4330,-1.3273,1.0383,5.6356,0min2sec
4340,-1.3243,1.0361,5.6321,0min2sec
4350,-1.3214,1.0340,5.6286,0min2sec
4360,-1.3186,1.0318,5.6252,0min2sec
4370,-1.3156,1.0297,5.6218,0min2sec
4380,-1.3128,1.0276,5.6183,0min2sec
4390,-1.3100,1.0255,5.6149,0min2sec
4400,-1.3072,1.0234,5.6116,0min2sec
4410,-1.3044,1.0213,5.6082,0min2sec
4420,-1.3016,1.0192,5.6048,0min2sec
4430,-1.2988,1.0171,5.6014,0min2sec
4440,-1.2960,1.0151,5.5981,0min2sec
4450,-1.2932,1.0130,5.5947,0min2sec
4460,-1.2904,1.0109,5.5914,0min1sec
4470,-1.2877,1.0089,5.5881,0min1sec
4480,-1.2850,1.0069,5.5848,0min1sec
4490,-1.2822,1.0048,5.5815,0min2sec
4500,-1.2794,1.0028,5.5783,0min2sec
4510,-1.2767,1.0008,5.5751,0min2sec
4520,-1.2740,0.9988,5.5718,0min2sec
4530,-1.2713,0.9968,5.5686,0min2sec
4540,-1.2687,0.9949,5.5654,0min2sec
4550,-1.2660,0.9929,5.5622,0min2sec
4560,-1.2633,0.9909,5.5590,0min2sec
4570,-1.2607,0.9890,5.5559,0min2sec
4580,-1.2581,0.9871,5.5527,0min2sec
4590,-1.2554,0.9852,5.5496,0min2sec
4600,-1.2529,0.9832,5.5465,0min2sec
4610,-1.2503,0.9813,5.5434,0min2sec
4620,-1.2477,0.9794,5.5403,0min2sec
4630,-1.2452,0.9775,5.5372,0min2sec
4640,-1.2425,0.9756,5.5341,0min2sec
4650,-1.2399,0.9737,5.5310,0min2sec
4660,-1.2374,0.9718,5.5280,0min2sec
4670,-1.2349,0.9699,5.5249,0min2sec
4680,-1.2323,0.9681,5.5219,0min2sec
4690,-1.2298,0.9662,5.5188,0min2sec
4700,-1.2273,0.9643,5.5158,0min2sec
4710,-1.2248,0.9625,5.5129,0min2sec
4720,-1.2223,0.9606,5.5099,0min2sec
4730,-1.2198,0.9588,5.5069,0min2sec
4740,-1.2173,0.9570,5.5039,0min2sec
4750,-1.2149,0.9552,5.5010,0min2sec
4760,-1.2124,0.9534,5.4981,0min2sec
4770,-1.2101,0.9516,5.4952,0min2sec
4780,-1.2075,0.9498,5.4923,0min2sec
4790,-1.2052,0.9480,5.4894,0min2sec
4800,-1.2027,0.9462,5.4865,0min2sec
4810,-1.2003,0.9445,5.4836,0min2sec
4820,-1.1979,0.9427,5.4807,0min2sec
4830,-1.1956,0.9409,5.4779,0min2sec
4840,-1.1932,0.9392,5.4750,0min2sec
4850,-1.1909,0.9374,5.4722,0min2sec
4860,-1.1885,0.9357,5.4694,0min2sec
4870,-1.1862,0.9339,5.4665,0min2sec
4880,-1.1839,0.9322,5.4637,0min2sec
4890,-1.1816,0.9305,5.4609,0min2sec
4900,-1.1793,0.9288,5.4581,0min2sec
4910,-1.1771,0.9271,5.4553,0min2sec
4920,-1.1748,0.9254,5.4526,0min2sec
4930,-1.1725,0.9237,5.4499,0min2sec
4940,-1.1702,0.9220,5.4471,0min2sec
4950,-1.1679,0.9203,5.4444,0min2sec
4960,-1.1657,0.9186,5.4417,0min2sec
4970,-1.1635,0.9170,5.4390,0min2sec
4980,-1.1613,0.9153,5.4364,0min2sec
4990,-1.1591,0.9137,5.4337,0min2sec
5000,-1.1569,0.9120,5.4311,0min2sec
5010,-1.1547,0.9104,5.4284,0min1sec
5020,-1.1525,0.9087,5.4258,0min1sec
5030,-1.1503,0.9071,5.4232,0min1sec
5040,-1.1482,0.9055,5.4206,0min2sec
5050,-1.1460,0.9039,5.4180,0min2sec
5060,-1.1439,0.9023,5.4154,0min2sec
5070,-1.1417,0.9007,5.4128,0min2sec
5080,-1.1396,0.8991,5.4102,0min2sec
5090,-1.1374,0.8975,5.4077,0min2sec
5100,-1.1353,0.8959,5.4051,0min2sec
5110,-1.1332,0.8944,5.4026,0min2sec
5120,-1.1310,0.8928,5.4001,0min2sec
5130,-1.1289,0.8912,5.3975,0min2sec
5140,-1.1269,0.8897,5.3950,0min2sec
5150,-1.1248,0.8881,5.3925,0min2sec
5160,-1.1227,0.8866,5.3900,0min2sec
5170,-1.1206,0.8850,5.3875,0min2sec
5180,-1.1186,0.8835,5.3850,0min2sec
5190,-1.1166,0.8820,5.3825,0min2sec
5200,-1.1145,0.8805,5.3801,0min2sec
5210,-1.1124,0.8789,5.3776,0min2sec
5220,-1.1104,0.8774,5.3752,0min2sec
5230,-1.1084,0.8759,5.3728,0min2sec
5240,-1.1064,0.8744,5.3703,0min2sec
5250,-1.1043,0.8729,5.3680,0min2sec
5260,-1.1021,0.8715,5.3657,0min2sec
5270,-1.1002,0.8700,5.3634,0min2sec
5280,-1.0982,0.8686,5.3610,0min2sec
5290,-1.0962,0.8671,5.3586,0min2sec
5300,-1.0942,0.8656,5.3562,0min2sec
5310,-1.0921,0.8641,5.3538,0min2sec
5320,-1.0902,0.8627,5.3515,0min2sec
5330,-1.0882,0.8612,5.3491,0min2sec
5340,-1.0862,0.8598,5.3468,0min2sec
5350,-1.0843,0.8583,5.3445,0min2sec
5360,-1.0823,0.8569,5.3421,0min2sec
5370,-1.0804,0.8554,5.3398,0min2sec
5380,-1.0785,0.8540,5.3375,0min2sec
5390,-1.0766,0.8526,5.3352,0min2sec
5400,-1.0747,0.8511,5.3329,0min2sec
5410,-1.0728,0.8497,5.3306,0min2sec
5420,-1.0708,0.8483,5.3284,0min2sec
5430,-1.0691,0.8470,5.3262,0min2sec
5440,-1.0672,0.8456,5.3241,0min2sec
5450,-1.0653,0.8443,5.3219,0min2sec
5460,-1.0634,0.8429,5.3197,0min2sec
5470,-1.0616,0.8416,5.3175,0min2sec
5480,-1.0597,0.8402,5.3153,0min2sec
5490,-1.0578,0.8388,5.3131,0min2sec
5500,-1.0560,0.8374,5.3109,0min2sec
5510,-1.0542,0.8361,5.3087,0min2sec
5520,-1.0524,0.8347,5.3065,0min2sec
5530,-1.0506,0.8334,5.3043,0min2sec
5540,-1.0488,0.8320,5.3021,0min2sec
5550,-1.0469,0.8307,5.3000,0min2sec
5560,-1.0451,0.8294,5.2978,0min2sec
5570,-1.0433,0.8280,5.2957,0min2sec
5580,-1.0414,0.8267,5.2935,0min2sec
5590,-1.0397,0.8254,5.2914,0min2sec
5600,-1.0380,0.8241,5.2892,0min2sec
5610,-1.0362,0.8228,5.2871,0min2sec
5620,-1.0344,0.8214,5.2849,0min2sec
5630,-1.0327,0.8201,5.2828,0min2sec
5640,-1.0309,0.8188,5.2807,0min2sec
5650,-1.0292,0.8175,5.2786,0min2sec
5660,-1.0274,0.8162,5.2765,0min2sec
5670,-1.0257,0.8149,5.2745,0min2sec
5680,-1.0240,0.8136,5.2724,0min2sec
5690,-1.0222,0.8124,5.2703,0min2sec
5700,-1.0206,0.8111,5.2682,0min2sec
5710,-1.0189,0.8098,5.2662,0min2sec
5720,-1.0172,0.8085,5.2642,0min2sec
5730,-1.0155,0.8073,5.2622,0min2sec
5740,-1.0138,0.8060,5.2602,0min2sec
5750,-1.0121,0.8048,5.2581,0min2sec
5760,-1.0104,0.8035,5.2561,0min2sec
5770,-1.0088,0.8023,5.2541,0min2sec
5780,-1.0070,0.8010,5.2521,0min2sec
5790,-1.0054,0.7998,5.2500,0min2sec
5800,-1.0037,0.7985,5.2480,0min2sec
5810,-1.0021,0.7973,5.2460,0min2sec
5820,-1.0005,0.7960,5.2439,0min2sec
5830,-0.9989,0.7948,5.2419,0min2sec
5840,-0.9972,0.7935,5.2399,0min2sec
5850,-0.9957,0.7923,5.2379,0min2sec
5860,-0.9940,0.7911,5.2360,0min2sec
5870,-0.9924,0.7899,5.2340,0min2sec
5880,-0.9908,0.7887,5.2321,0min2sec
5890,-0.9891,0.7875,5.2301,0min2sec
5900,-0.9875,0.7863,5.2282,0min2sec
5910,-0.9859,0.7851,5.2263,0min2sec
5920,-0.9843,0.7839,5.2243,0min2sec
5930,-0.9828,0.7827,5.2224,0min2sec
5940,-0.9812,0.7815,5.2205,0min2sec
5950,-0.9797,0.7803,5.2185,0min2sec
5960,-0.9781,0.7792,5.2166,0min2sec
5970,-0.9766,0.7780,5.2148,0min2sec
5980,-0.9750,0.7768,5.2129,0min2sec
5990,-0.9734,0.7757,5.2111,0min2sec
6000,-0.9719,0.7745,5.2092,0min2sec
6010,-0.9704,0.7733,5.2073,0min2sec
6020,-0.9688,0.7722,5.2054,0min2sec
6030,-0.9674,0.7710,5.2036,0min2sec
6040,-0.9658,0.7699,5.2017,0min2sec
6050,-0.9644,0.7687,5.1998,0min2sec
6060,-0.9629,0.7676,5.1980,0min2sec
6070,-0.9613,0.7664,5.1961,0min2sec
6080,-0.9599,0.7653,5.1943,0min2sec
6090,-0.9585,0.7642,5.1925,0min2sec
6100,-0.9570,0.7631,5.1907,0min2sec
6110,-0.9555,0.7620,5.1890,0min2sec
6120,-0.9541,0.7608,5.1872,0min2sec
6130,-0.9526,0.7597,5.1853,0min2sec
6140,-0.9511,0.7586,5.1836,0min2sec
6150,-0.9497,0.7575,5.1818,0min2sec
6160,-0.9482,0.7564,5.1800,0min2sec
6170,-0.9468,0.7553,5.1782,0min2sec
6180,-0.9453,0.7542,5.1764,0min2sec
6190,-0.9439,0.7531,5.1747,0min2sec
6200,-0.9424,0.7520,5.1729,0min2sec
6210,-0.9409,0.7509,5.1711,0min2sec
6220,-0.9396,0.7499,5.1694,0min2sec
6230,-0.9382,0.7488,5.1677,0min2sec
6240,-0.9367,0.7477,5.1660,0min2sec
6250,-0.9353,0.7466,5.1643,0min2sec
6260,-0.9339,0.7455,5.1625,0min2sec
6270,-0.9325,0.7445,5.1608,0min2sec
6280,-0.9311,0.7434,5.1591,0min2sec
6290,-0.9297,0.7423,5.1574,0min2sec
6300,-0.9283,0.7413,5.1556,0min2sec
6310,-0.9268,0.7402,5.1539,0min2sec
6320,-0.9255,0.7392,5.1522,0min2sec
6330,-0.9242,0.7381,5.1505,0min2sec
6340,-0.9228,0.7371,5.1489,0min2sec
6350,-0.9214,0.7361,5.1472,0min2sec
6360,-0.9201,0.7350,5.1455,0min2sec
6370,-0.9187,0.7340,5.1439,0min2sec
6380,-0.9173,0.7329,5.1422,0min2sec
6390,-0.9159,0.7319,5.1405,0min2sec
6400,-0.9146,0.7309,5.1388,0min2sec
6410,-0.9133,0.7298,5.1372,0min2sec
6420,-0.9119,0.7288,5.1355,0min2sec
6430,-0.9106,0.7278,5.1339,0min2sec
6440,-0.9092,0.7268,5.1324,0min2sec
6450,-0.9079,0.7258,5.1308,0min2sec
6460,-0.9065,0.7248,5.1291,0min2sec
6470,-0.9052,0.7238,5.1275,0min2sec
6480,-0.9039,0.7228,5.1260,0min2sec
6490,-0.9026,0.7217,5.1244,0min2sec
6500,-0.9012,0.7207,5.1227,0min2sec
6510,-0.8999,0.7197,5.1212,0min2sec
6520,-0.8986,0.7187,5.1195,0min2sec
6530,-0.8973,0.7177,5.1179,0min2sec
6540,-0.8960,0.7167,5.1163,0min2sec
6550,-0.8947,0.7158,5.1147,0min2sec
6560,-0.8934,0.7148,5.1131,0min2sec
6570,-0.8921,0.7138,5.1115,0min2sec
6580,-0.8908,0.7128,5.1100,0min2sec
6590,-0.8895,0.7118,5.1084,0min2sec
6600,-0.8883,0.7109,5.1069,0min2sec
6610,-0.8870,0.7099,5.1053,0min2sec
6620,-0.8857,0.7089,5.1038,0min2sec
6630,-0.8844,0.7080,5.1022,0min2sec
6640,-0.8832,0.7070,5.1007,0min2sec
6650,-0.8819,0.7060,5.0992,0min2sec
6660,-0.8807,0.7051,5.0976,0min2sec
6670,-0.8794,0.7041,5.0961,0min2sec
6680,-0.8782,0.7032,5.0945,0min2sec
6690,-0.8770,0.7022,5.0930,0min2sec
6700,-0.8757,0.7013,5.0915,0min2sec
6710,-0.8745,0.7003,5.0900,0min2sec
6720,-0.8732,0.6994,5.0884,0min2sec
6730,-0.8720,0.6985,5.0869,0min2sec
6740,-0.8708,0.6975,5.0854,0min2sec
6750,-0.8695,0.6966,5.0839,0min2sec
6760,-0.8683,0.6957,5.0825,0min2sec
6770,-0.8671,0.6947,5.0810,0min2sec
6780,-0.8659,0.6938,5.0795,0min2sec
6790,-0.8647,0.6929,5.0780,0min1sec
6800,-0.8635,0.6920,5.0765,0min1sec
6810,-0.8623,0.6911,5.0750,0min1sec
6820,-0.8611,0.6901,5.0735,0min1sec
6830,-0.8599,0.6892,5.0720,0min1sec
6840,-0.8587,0.6883,5.0706,0min1sec
6850,-0.8575,0.6874,5.0692,0min2sec
6860,-0.8563,0.6865,5.0678,0min2sec
6870,-0.8552,0.6856,5.0663,0min2sec
6880,-0.8540,0.6847,5.0649,0min2sec
6890,-0.8529,0.6839,5.0635,0min2sec
6900,-0.8517,0.6830,5.0620,0min2sec
6910,-0.8506,0.6821,5.0606,0min2sec
6920,-0.8494,0.6812,5.0592,0min2sec
6930,-0.8482,0.6803,5.0578,0min2sec
6940,-0.8471,0.6794,5.0563,0min2sec
6950,-0.8459,0.6785,5.0549,0min2sec
6960,-0.8448,0.6777,5.0535,0min2sec
6970,-0.8436,0.6768,5.0521,0min2sec
6980,-0.8424,0.6759,5.0507,0min2sec
6990,-0.8413,0.6750,5.0493,0min2sec
7000,-0.8401,0.6741,5.0479,0min2sec
7010,-0.8390,0.6733,5.0465,0min2sec
7020,-0.8379,0.6724,5.0451,0min2sec
7030,-0.8367,0.6715,5.0437,0min2sec
7040,-0.8356,0.6707,5.0424,0min2sec
7050,-0.8345,0.6698,5.0410,0min2sec
7060,-0.8334,0.6690,5.0396,0min2sec
7070,-0.8323,0.6681,5.0383,0min2sec
7080,-0.8311,0.6673,5.0369,0min2sec
7090,-0.8300,0.6664,5.0356,0min2sec
7100,-0.8289,0.6656,5.0342,0min2sec
7110,-0.8278,0.6648,5.0328,0min2sec
7120,-0.8267,0.6639,5.0315,0min2sec
7130,-0.8256,0.6631,5.0301,0min2sec
7140,-0.8245,0.6622,5.0288,0min2sec
7150,-0.8234,0.6614,5.0274,0min2sec
7160,-0.8223,0.6605,5.0261,0min2sec
7170,-0.8212,0.6597,5.0248,0min2sec
7180,-0.8202,0.6589,5.0234,0min2sec
7190,-0.8191,0.6581,5.0220,0min2sec
7200,-0.8180,0.6572,5.0207,0min2sec
7210,-0.8169,0.6564,5.0194,0min2sec
7220,-0.8159,0.6556,5.0181,0min2sec
7230,-0.8148,0.6548,5.0168,0min2sec
7240,-0.8138,0.6539,5.0154,0min2sec
7250,-0.8127,0.6531,5.0142,0min2sec
7260,-0.8117,0.6523,5.0129,0min2sec
7270,-0.8106,0.6515,5.0116,0min2sec
7280,-0.8096,0.6507,5.0103,0min2sec
7290,-0.8085,0.6499,5.0090,0min2sec
7300,-0.8075,0.6491,5.0077,0min2sec
7310,-0.8064,0.6483,5.0064,0min2sec
7320,-0.8054,0.6475,5.0051,0min2sec
7330,-0.8043,0.6467,5.0038,0min2sec
7340,-0.8033,0.6459,5.0025,0min2sec
7350,-0.8022,0.6451,5.0012,0min2sec
7360,-0.8012,0.6443,4.9999,0min2sec
7370,-0.8002,0.6435,4.9986,0min2sec
7380,-0.7991,0.6427,4.9974,0min2sec
7390,-0.7981,0.6419,4.9961,0min2sec
7400,-0.7971,0.6411,4.9949,0min2sec
7410,-0.7961,0.6404,4.9936,0min2sec
7420,-0.7951,0.6396,4.9924,0min2sec
7430,-0.7941,0.6388,4.9911,0min2sec
7440,-0.7931,0.6380,4.9899,0min2sec
7450,-0.7921,0.6372,4.9886,0min2sec
7460,-0.7911,0.6365,4.9873,0min2sec
7470,-0.7901,0.6357,4.9861,0min2sec
7480,-0.7890,0.6349,4.9849,0min2sec
7490,-0.7880,0.6341,4.9837,0min2sec
7500,-0.7870,0.6334,4.9824,0min2sec
7510,-0.7861,0.6326,4.9812,0min2sec
7520,-0.7850,0.6318,4.9800,0min2sec
7530,-0.7841,0.6311,4.9788,0min2sec
7540,-0.7831,0.6303,4.9775,0min2sec
7550,-0.7821,0.6296,4.9763,0min2sec
7560,-0.7811,0.6288,4.9751,0min2sec
7570,-0.7801,0.6280,4.9739,0min2sec
7580,-0.7791,0.6273,4.9727,0min2sec
7590,-0.7782,0.6265,4.9715,0min2sec
7600,-0.7772,0.6258,4.9704,0min2sec
7610,-0.7762,0.6251,4.9692,0min2sec
7620,-0.7752,0.6243,4.9680,0min2sec
7630,-0.7742,0.6236,4.9668,0min2sec
7640,-0.7733,0.6229,4.9657,0min2sec
7650,-0.7723,0.6221,4.9645,0min2sec
7660,-0.7714,0.6214,4.9633,0min2sec
7670,-0.7704,0.6206,4.9622,0min2sec
7680,-0.7695,0.6199,4.9610,0min2sec
7690,-0.7685,0.6192,4.9598,0min2sec
7700,-0.7675,0.6185,4.9586,0min2sec
7710,-0.7666,0.6177,4.9574,0min2sec
7720,-0.7657,0.6170,4.9563,0min2sec
7730,-0.7647,0.6163,4.9551,0min2sec
7740,-0.7638,0.6156,4.9540,0min2sec
7750,-0.7628,0.6149,4.9528,0min2sec
7760,-0.7619,0.6141,4.9517,0min2sec
7770,-0.7610,0.6134,4.9506,0min2sec
7780,-0.7601,0.6127,4.9495,0min2sec
7790,-0.7592,0.6120,4.9483,0min2sec
7800,-0.7582,0.6113,4.9472,0min2sec
7810,-0.7573,0.6106,4.9461,0min2sec
7820,-0.7564,0.6099,4.9449,0min2sec
7830,-0.7555,0.6092,4.9438,0min2sec
7840,-0.7546,0.6085,4.9427,0min2sec
7850,-0.7537,0.6078,4.9415,0min2sec
7860,-0.7527,0.6071,4.9404,0min2sec
7870,-0.7519,0.6064,4.9393,0min2sec
7880,-0.7509,0.6057,4.9382,0min2sec
7890,-0.7501,0.6050,4.9371,0min2sec
7900,-0.7492,0.6043,4.9360,0min2sec
7910,-0.7483,0.6036,4.9348,0min2sec
7920,-0.7474,0.6029,4.9337,0min2sec
7930,-0.7465,0.6022,4.9326,0min2sec
7940,-0.7456,0.6015,4.9316,0min2sec
7950,-0.7447,0.6008,4.9305,0min2sec
7960,-0.7438,0.6002,4.9294,0min2sec
7970,-0.7430,0.5995,4.9283,0min2sec
7980,-0.7421,0.5988,4.9272,0min2sec
7990,-0.7412,0.5981,4.9262,0min2sec
8000,-0.7403,0.5975,4.9251,0min2sec
8010,-0.7394,0.5968,4.9240,0min2sec
8020,-0.7386,0.5961,4.9229,0min2sec
8030,-0.7377,0.5954,4.9218,0min2sec
8040,-0.7368,0.5948,4.9208,0min2sec
8050,-0.7360,0.5941,4.9197,0min2sec
8060,-0.7351,0.5934,4.9186,0min2sec
8070,-0.7343,0.5928,4.9176,0min2sec
8080,-0.7334,0.5921,4.9165,0min2sec
8090,-0.7326,0.5914,4.9154,0min2sec
8100,-0.7317,0.5908,4.9143,0min2sec
8110,-0.7309,0.5901,4.9133,0min2sec
8120,-0.7300,0.5895,4.9122,0min2sec
8130,-0.7291,0.5888,4.9112,0min2sec
8140,-0.7283,0.5882,4.9101,0min2sec
8150,-0.7274,0.5875,4.9091,0min2sec
8160,-0.7266,0.5869,4.9080,0min2sec
8170,-0.7258,0.5862,4.9070,0min2sec
8180,-0.7249,0.5856,4.9060,0min2sec
8190,-0.7241,0.5849,4.9050,0min2sec
8200,-0.7233,0.5843,4.9039,0min2sec
8210,-0.7224,0.5837,4.9029,0min2sec
8220,-0.7216,0.5830,4.9019,0min2sec
8230,-0.7208,0.5824,4.9008,0min2sec
8240,-0.7199,0.5817,4.8998,0min2sec
8250,-0.7191,0.5811,4.8988,0min2sec
8260,-0.7183,0.5805,4.8978,0min2sec
8270,-0.7175,0.5798,4.8968,0min2sec
8280,-0.7167,0.5792,4.8958,0min2sec
8290,-0.7158,0.5786,4.8948,0min2sec
8300,-0.7150,0.5780,4.8937,0min2sec
8310,-0.7142,0.5773,4.8927,0min2sec
8320,-0.7134,0.5767,4.8917,0min2sec
8330,-0.7126,0.5761,4.8907,0min2sec
8340,-0.7118,0.5755,4.8897,0min2sec
8350,-0.7110,0.5748,4.8887,0min2sec
8360,-0.7102,0.5742,4.8877,0min2sec
8370,-0.7094,0.5736,4.8868,0min2sec
8380,-0.7086,0.5730,4.8858,0min2sec
8390,-0.7079,0.5724,4.8848,0min2sec
8400,-0.7071,0.5718,4.8838,0min2sec
8410,-0.7063,0.5712,4.8829,0min2sec
8420,-0.7055,0.5705,4.8819,0min2sec
8430,-0.7047,0.5699,4.8809,0min1sec
8440,-0.7039,0.5693,4.8799,0min1sec
8450,-0.7032,0.5687,4.8789,0min1sec
8460,-0.7023,0.5681,4.8780,0min1sec
8470,-0.7016,0.5675,4.8770,0min1sec
8480,-0.7008,0.5669,4.8760,0min1sec
8490,-0.7000,0.5663,4.8751,0min2sec
8500,-0.6992,0.5657,4.8741,0min2sec
8510,-0.6984,0.5651,4.8732,0min2sec
8520,-0.6977,0.5645,4.8722,0min2sec
8530,-0.6969,0.5639,4.8713,0min2sec
8540,-0.6961,0.5633,4.8703,0min2sec
8550,-0.6953,0.5627,4.8694,0min2sec
8560,-0.6946,0.5621,4.8684,0min2sec
8570,-0.6938,0.5615,4.8675,0min2sec
8580,-0.6931,0.5609,4.8666,0min2sec
8590,-0.6923,0.5603,4.8656,0min2sec
8600,-0.6916,0.5598,4.8647,0min2sec
8610,-0.6908,0.5592,4.8637,0min2sec
8620,-0.6901,0.5586,4.8628,0min2sec
8630,-0.6893,0.5580,4.8618,0min2sec
8640,-0.6885,0.5574,4.8609,0min2sec
8650,-0.6878,0.5568,4.8600,0min2sec
8660,-0.6871,0.5563,4.8591,0min2sec
8670,-0.6863,0.5557,4.8581,0min2sec
8680,-0.6856,0.5551,4.8572,0min2sec
8690,-0.6848,0.5545,4.8563,0min2sec
8700,-0.6841,0.5540,4.8553,0min2sec
8710,-0.6833,0.5534,4.8544,0min2sec
8720,-0.6826,0.5528,4.8535,0min2sec
8730,-0.6818,0.5522,4.8526,0min2sec
8740,-0.6811,0.5517,4.8517,0min2sec
8750,-0.6804,0.5511,4.8508,0min2sec
8760,-0.6796,0.5505,4.8499,0min2sec
8770,-0.6789,0.5500,4.8490,0min2sec
8780,-0.6782,0.5494,4.8481,0min2sec
8790,-0.6775,0.5489,4.8472,0min2sec
8800,-0.6767,0.5483,4.8463,0min2sec
8810,-0.6760,0.5478,4.8454,0min2sec
8820,-0.6752,0.5472,4.8445,0min2sec
8830,-0.6745,0.5466,4.8436,0min2sec
8840,-0.6738,0.5461,4.8427,0min2sec
8850,-0.6731,0.5455,4.8418,0min2sec
8860,-0.6723,0.5450,4.8409,0min2sec
8870,-0.6716,0.5444,4.8401,0min2sec
8880,-0.6709,0.5439,4.8392,0min2sec
8890,-0.6702,0.5433,4.8383,0min2sec
8900,-0.6695,0.5428,4.8374,0min2sec
8910,-0.6688,0.5422,4.8365,0min2sec
8920,-0.6680,0.5417,4.8356,0min2sec
8930,-0.6673,0.5411,4.8348,0min2sec
8940,-0.6666,0.5406,4.8339,0min2sec
8950,-0.6659,0.5400,4.8330,0min2sec
8960,-0.6653,0.5395,4.8322,0min2sec
8970,-0.6646,0.5390,4.8313,0min2sec
8980,-0.6639,0.5384,4.8305,0min2sec
8990,-0.6632,0.5379,4.8296,0min2sec
9000,-0.6625,0.5374,4.8287,0min2sec
9010,-0.6618,0.5368,4.8279,0min2sec
9020,-0.6611,0.5363,4.8270,0min2sec
9030,-0.6604,0.5358,4.8262,0min2sec
9040,-0.6597,0.5352,4.8253,0min2sec
9050,-0.6590,0.5347,4.8245,0min2sec
9060,-0.6583,0.5342,4.8236,0min2sec
9070,-0.6576,0.5336,4.8228,0min2sec
9080,-0.6570,0.5331,4.8219,0min2sec
9090,-0.6563,0.5326,4.8210,0min2sec
9100,-0.6556,0.5320,4.8202,0min2sec
9110,-0.6549,0.5315,4.8193,0min2sec
9120,-0.6542,0.5310,4.8185,0min2sec
9130,-0.6536,0.5305,4.8177,0min2sec
9140,-0.6529,0.5299,4.8169,0min2sec
9150,-0.6522,0.5294,4.8161,0min2sec
9160,-0.6515,0.5289,4.8152,0min2sec
9170,-0.6509,0.5284,4.8144,0min2sec
9180,-0.6502,0.5279,4.8136,0min2sec
9190,-0.6495,0.5274,4.8128,0min2sec
9200,-0.6489,0.5268,4.8119,0min2sec
9210,-0.6482,0.5263,4.8111,0min2sec
9220,-0.6475,0.5258,4.8103,0min2sec
9230,-0.6469,0.5253,4.8095,0min2sec
9240,-0.6462,0.5248,4.8087,0min2sec
9250,-0.6456,0.5243,4.8078,0min2sec
9260,-0.6449,0.5238,4.8070,0min2sec
9270,-0.6443,0.5233,4.8062,0min2sec
9280,-0.6436,0.5228,4.8054,0min2sec
9290,-0.6429,0.5223,4.8045,0min2sec
9300,-0.6423,0.5218,4.8037,0min2sec
9310,-0.6416,0.5212,4.8029,0min2sec
9320,-0.6410,0.5207,4.8021,0min2sec
9330,-0.6403,0.5202,4.8013,0min2sec
9340,-0.6397,0.5197,4.8005,0min2sec
9350,-0.6390,0.5192,4.7997,0min2sec
9360,-0.6384,0.5187,4.7989,0min2sec
9370,-0.6378,0.5183,4.7981,0min2sec
9380,-0.6371,0.5178,4.7973,0min2sec
9390,-0.6365,0.5173,4.7965,0min2sec
9400,-0.6358,0.5168,4.7957,0min2sec
9410,-0.6352,0.5163,4.7949,0min2sec
9420,-0.6345,0.5158,4.7941,0min2sec
9430,-0.6339,0.5153,4.7933,0min2sec
9440,-0.6333,0.5148,4.7925,0min2sec
9450,-0.6326,0.5143,4.7917,0min2sec
9460,-0.6320,0.5139,4.7909,0min2sec
9470,-0.6314,0.5134,4.7901,0min2sec
9480,-0.6307,0.5129,4.7894,0min2sec
9490,-0.6301,0.5124,4.7886,0min2sec
9500,-0.6295,0.5119,4.7878,0min2sec
9510,-0.6289,0.5114,4.7870,0min2sec
9520,-0.6283,0.5109,4.7863,0min2sec
9530,-0.6276,0.5105,4.7855,0min2sec
9540,-0.6270,0.5100,4.7847,0min2sec
9550,-0.6264,0.5095,4.7840,0min2sec
9560,-0.6258,0.5090,4.7832,0min2sec
9570,-0.6252,0.5085,4.7825,0min2sec
9580,-0.6245,0.5081,4.7817,0min2sec
9590,-0.6239,0.5076,4.7809,0min2sec
9600,-0.6233,0.5071,4.7801,0min2sec
9610,-0.6227,0.5066,4.7794,0min2sec
9620,-0.6221,0.5062,4.7786,0min2sec
9630,-0.6215,0.5057,4.7778,0min2sec
9640,-0.6209,0.5052,4.7771,0min2sec
9650,-0.6203,0.5047,4.7763,0min2sec
9660,-0.6197,0.5043,4.7756,0min2sec
9670,-0.6191,0.5038,4.7748,0min2sec
9680,-0.6185,0.5033,4.7741,0min2sec
9690,-0.6179,0.5029,4.7733,0min2sec
9700,-0.6173,0.5024,4.7726,0min2sec
9710,-0.6167,0.5019,4.7718,0min2sec
9720,-0.6161,0.5015,4.7711,0min2sec
9730,-0.6155,0.5010,4.7704,0min2sec
9740,-0.6149,0.5006,4.7696,0min2sec
9750,-0.6143,0.5001,4.7689,0min2sec
9760,-0.6137,0.4996,4.7682,0min2sec
9770,-0.6131,0.4992,4.7674,0min2sec
9780,-0.6126,0.4987,4.7667,0min2sec
9790,-0.6120,0.4983,4.7659,0min2sec
9800,-0.6114,0.4978,4.7652,0min2sec
9810,-0.6108,0.4974,4.7645,0min2sec
9820,-0.6102,0.4969,4.7637,0min2sec
9830,-0.6096,0.4965,4.7630,0min2sec
9840,-0.6091,0.4960,4.7623,0min2sec
9850,-0.6085,0.4955,4.7616,0min2sec
9860,-0.6079,0.4951,4.7608,0min2sec
9870,-0.6073,0.4946,4.7601,0min2sec
9880,-0.6067,0.4942,4.7594,0min2sec
9890,-0.6062,0.4937,4.7587,0min2sec
9900,-0.6056,0.4933,4.7580,0min2sec
9910,-0.6050,0.4929,4.7572,0min2sec
9920,-0.6045,0.4924,4.7565,0min2sec
9930,-0.6039,0.4920,4.7558,0min2sec
9940,-0.6033,0.4915,4.7551,0min2sec
9950,-0.6027,0.4911,4.7544,0min2sec
9960,-0.6022,0.4906,4.7537,0min2sec
9970,-0.6016,0.4902,4.7530,0min2sec
9980,-0.6011,0.4898,4.7523,0min2sec
9990,-0.6005,0.4893,4.7516,0min2sec
10000,-0.5999,0.4889,4.7508,0min2sec
10010,-0.5994,0.4884,4.7501,0min2sec
10020,-0.5988,0.4880,4.7494,0min2sec
10030,-0.5982,0.4876,4.7487,0min2sec
10040,-0.5977,0.4871,4.7480,0min2sec
10050,-0.5971,0.4867,4.7473,0min2sec
10060,-0.5965,0.4862,4.7466,0min2sec
10070,-0.5960,0.4858,4.7459,0min2sec
10080,-0.5954,0.4854,4.7452,0min2sec
10090,-0.5949,0.4849,4.7445,0min2sec
10100,-0.5943,0.4845,4.7438,0min2sec
10110,-0.5938,0.4841,4.7431,0min2sec
10120,-0.5932,0.4836,4.7424,0min2sec
10130,-0.5927,0.4832,4.7417,0min2sec
10140,-0.5921,0.4828,4.7409,0min2sec
10150,-0.5916,0.4823,4.7403,0min2sec
10160,-0.5910,0.4819,4.7396,0min2sec
10170,-0.5905,0.4815,4.7389,0min2sec
10180,-0.5899,0.4811,4.7382,0min2sec
10190,-0.5894,0.4806,4.7375,0min2sec
10200,-0.5888,0.4802,4.7368,0min2sec
10210,-0.5883,0.4798,4.7361,0min2sec
10220,-0.5877,0.4794,4.7354,0min2sec
10230,-0.5872,0.4790,4.7348,0min2sec
10240,-0.5867,0.4785,4.7341,0min2sec
10250,-0.5861,0.4781,4.7334,0min2sec
10260,-0.5856,0.4777,4.7328,0min2sec
10270,-0.5851,0.4773,4.7321,0min2sec
10280,-0.5845,0.4769,4.7315,0min2sec
10290,-0.5840,0.4765,4.7308,0min2sec
10300,-0.5834,0.4761,4.7301,0min2sec
10310,-0.5829,0.4756,4.7295,0min2sec
10320,-0.5824,0.4752,4.7288,0min2sec
10330,-0.5819,0.4748,4.7281,0min2sec
10340,-0.5813,0.4744,4.7275,0min2sec
10350,-0.5808,0.4740,4.7268,0min2sec
10360,-0.5803,0.4736,4.7262,0min2sec
10370,-0.5797,0.4732,4.7255,0min2sec
10380,-0.5792,0.4728,4.7249,0min2sec
10390,-0.5787,0.4724,4.7242,0min2sec
10400,-0.5782,0.4720,4.7236,0min2sec
10410,-0.5777,0.4716,4.7229,0min2sec
10420,-0.5771,0.4711,4.7223,0min2sec
10430,-0.5766,0.4707,4.7216,0min2sec
10440,-0.5761,0.4703,4.7210,0min2sec
10450,-0.5756,0.4700,4.7203,0min2sec
10460,-0.5751,0.4696,4.7197,0min2sec
10470,-0.5745,0.4691,4.7191,0min2sec
10480,-0.5740,0.4687,4.7184,0min2sec
10490,-0.5735,0.4683,4.7178,0min2sec
10500,-0.5730,0.4679,4.7171,0min2sec
10510,-0.5725,0.4675,4.7165,0min2sec
10520,-0.5720,0.4672,4.7158,0min2sec
10530,-0.5715,0.4668,4.7152,0min2sec
10540,-0.5710,0.4664,4.7146,0min2sec
10550,-0.5705,0.4660,4.7140,0min2sec
10560,-0.5699,0.4656,4.7133,0min2sec
10570,-0.5694,0.4652,4.7127,0min2sec
10580,-0.5689,0.4648,4.7120,0min2sec
10590,-0.5684,0.4644,4.7114,0min2sec
10600,-0.5679,0.4640,4.7108,0min2sec
10610,-0.5674,0.4636,4.7101,0min2sec
10620,-0.5669,0.4632,4.7095,0min2sec
10630,-0.5664,0.4628,4.7089,0min2sec
10640,-0.5659,0.4624,4.7083,0min2sec
10650,-0.5654,0.4621,4.7076,0min2sec
10660,-0.5649,0.4617,4.7070,0min2sec
10670,-0.5645,0.4613,4.7064,0min2sec
10680,-0.5639,0.4609,4.7057,0min2sec
10690,-0.5634,0.4605,4.7051,0min2sec
10700,-0.5630,0.4601,4.7045,0min2sec
10710,-0.5625,0.4597,4.7039,0min2sec
10720,-0.5620,0.4593,4.7032,0min1sec
10730,-0.5615,0.4590,4.7026,0min1sec
10740,-0.5610,0.4586,4.7020,0min1sec
10750,-0.5605,0.4582,4.7014,0min1sec
10760,-0.5600,0.4578,4.7008,0min1sec
10770,-0.5595,0.4574,4.7002,0min1sec
10780,-0.5590,0.4570,4.6995,0min1sec
10790,-0.5585,0.4567,4.6989,0min1sec
10800,-0.5581,0.4563,4.6983,0min1sec
10810,-0.5576,0.4559,4.6977,0min1sec
10820,-0.5571,0.4555,4.6971,0min1sec
10830,-0.5566,0.4551,4.6965,0min2sec
10840,-0.5561,0.4548,4.6959,0min2sec
10850,-0.5556,0.4544,4.6953,0min2sec
10860,-0.5552,0.4540,4.6947,0min2sec
10870,-0.5547,0.4536,4.6941,0min2sec
10880,-0.5542,0.4533,4.6935,0min2sec
10890,-0.5537,0.4529,4.6928,0min2sec
10900,-0.5532,0.4525,4.6922,0min2sec
10910,-0.5528,0.4521,4.6916,0min2sec
10920,-0.5523,0.4518,4.6910,0min2sec
10930,-0.5518,0.4514,4.6904,0min2sec
10940,-0.5513,0.4510,4.6899,0min2sec
10950,-0.5509,0.4507,4.6893,0min2sec
10960,-0.5504,0.4503,4.6887,0min2sec
10970,-0.5500,0.4500,4.6882,0min2sec
10980,-0.5495,0.4496,4.6876,0min2sec
10990,-0.5490,0.4492,4.6870,0min2sec
11000,-0.5485,0.4489,4.6864,0min2sec
11010,-0.5481,0.4485,4.6858,0min2sec
11020,-0.5476,0.4482,4.6853,0min2sec
11030,-0.5471,0.4478,4.6847,0min2sec
11040,-0.5467,0.4474,4.6841,0min2sec
11050,-0.5462,0.4471,4.6835,0min2sec
11060,-0.5457,0.4467,4.6830,0min2sec
11070,-0.5453,0.4463,4.6824,0min2sec
11080,-0.5448,0.4460,4.6818,0min2sec
11090,-0.5444,0.4456,4.6812,0min2sec
11100,-0.5439,0.4453,4.6806,0min2sec
11110,-0.5434,0.4449,4.6800,0min2sec
11120,-0.5430,0.4445,4.6795,0min2sec
11130,-0.5425,0.4442,4.6789,0min2sec
11140,-0.5421,0.4438,4.6783,0min2sec
11150,-0.5416,0.4435,4.6778,0min2sec
11160,-0.5412,0.4431,4.6772,0min2sec
11170,-0.5407,0.4428,4.6766,0min2sec
11180,-0.5403,0.4424,4.6760,0min2sec
11190,-0.5398,0.4421,4.6755,0min2sec
11200,-0.5394,0.4417,4.6749,0min2sec
11210,-0.5389,0.4414,4.6743,0min2sec
11220,-0.5385,0.4410,4.6738,0min2sec
11230,-0.5380,0.4407,4.6732,0min2sec
11240,-0.5376,0.4403,4.6727,0min2sec
11250,-0.5371,0.4400,4.6721,0min2sec
11260,-0.5367,0.4396,4.6716,0min2sec
11270,-0.5362,0.4393,4.6710,0min2sec
11280,-0.5358,0.4389,4.6704,0min2sec
11290,-0.5353,0.4386,4.6699,0min2sec
11300,-0.5349,0.4382,4.6693,0min2sec
11310,-0.5344,0.4379,4.6688,0min2sec
11320,-0.5340,0.4375,4.6682,0min2sec
11330,-0.5336,0.4372,4.6677,0min2sec
11340,-0.5331,0.4369,4.6671,0min2sec
11350,-0.5327,0.4365,4.6666,0min2sec
11360,-0.5322,0.4362,4.6660,0min2sec
11370,-0.5318,0.4358,4.6655,0min2sec
11380,-0.5314,0.4355,4.6650,0min2sec
11390,-0.5309,0.4352,4.6644,0min2sec
11400,-0.5305,0.4348,4.6639,0min2sec
11410,-0.5301,0.4345,4.6633,0min2sec
11420,-0.5296,0.4342,4.6628,0min2sec
11430,-0.5292,0.4338,4.6623,0min2sec
11440,-0.5288,0.4335,4.6617,0min2sec
11450,-0.5283,0.4332,4.6612,0min2sec
11460,-0.5279,0.4328,4.6607,0min2sec
11470,-0.5275,0.4325,4.6601,0min2sec
11480,-0.5270,0.4322,4.6596,0min2sec
11490,-0.5266,0.4318,4.6590,0min2sec
11500,-0.5262,0.4315,4.6585,0min2sec
11510,-0.5257,0.4312,4.6580,0min2sec
11520,-0.5253,0.4308,4.6574,0min2sec
11530,-0.5249,0.4305,4.6569,0min2sec
11540,-0.5245,0.4302,4.6564,0min2sec
11550,-0.5240,0.4298,4.6558,0min2sec
11560,-0.5236,0.4295,4.6553,0min2sec
11570,-0.5232,0.4292,4.6548,0min2sec
11580,-0.5228,0.4288,4.6542,0min2sec
11590,-0.5223,0.4285,4.6537,0min2sec
11600,-0.5219,0.4282,4.6531,0min2sec
11610,-0.5215,0.4278,4.6526,0min2sec
11620,-0.5211,0.4275,4.6521,0min2sec
11630,-0.5207,0.4272,4.6515,0min2sec
11640,-0.5202,0.4269,4.6510,0min2sec
11650,-0.5198,0.4265,4.6505,0min2sec
11660,-0.5194,0.4262,4.6500,0min2sec
11670,-0.5190,0.4259,4.6494,0min2sec
11680,-0.5186,0.4255,4.6489,0min2sec
11690,-0.5182,0.4252,4.6484,0min2sec
11700,-0.5177,0.4249,4.6478,0min2sec
11710,-0.5173,0.4246,4.6473,0min2sec
11720,-0.5169,0.4243,4.6468,0min2sec
11730,-0.5165,0.4239,4.6463,0min2sec
11740,-0.5161,0.4236,4.6457,0min2sec
11750,-0.5157,0.4233,4.6452,0min2sec
11760,-0.5153,0.4230,4.6446,0min2sec
11770,-0.5149,0.4226,4.6441,0min2sec
11780,-0.5145,0.4223,4.6436,0min2sec
11790,-0.5141,0.4220,4.6431,0min2sec
11800,-0.5136,0.4217,4.6426,0min2sec
11810,-0.5132,0.4214,4.6421,0min2sec
11820,-0.5128,0.4211,4.6416,0min2sec
11830,-0.5124,0.4207,4.6411,0min2sec
11840,-0.5120,0.4204,4.6405,0min2sec
11850,-0.5116,0.4201,4.6400,0min2sec
11860,-0.5112,0.4198,4.6395,0min2sec
11870,-0.5108,0.4195,4.6390,0min2sec
11880,-0.5104,0.4192,4.6385,0min2sec
11890,-0.5100,0.4188,4.6380,0min2sec
11900,-0.5096,0.4185,4.6375,0min2sec
11910,-0.5092,0.4182,4.6369,0min2sec
11920,-0.5088,0.4179,4.6364,0min2sec
11930,-0.5084,0.4176,4.6359,0min2sec
11940,-0.5080,0.4173,4.6354,0min2sec
11950,-0.5076,0.4170,4.6349,0min2sec
11960,-0.5072,0.4167,4.6344,0min2sec
11970,-0.5068,0.4164,4.6340,0min2sec
11980,-0.5064,0.4161,4.6335,0min2sec
11990,-0.5060,0.4157,4.6330,0min2sec
12000,-0.5056,0.4154,4.6325,0min2sec
12010,-0.5052,0.4151,4.6320,0min2sec
12020,-0.5048,0.4148,4.6315,0min2sec
12030,-0.5044,0.4145,4.6310,0min2sec
12040,-0.5040,0.4142,4.6305,0min2sec
12050,-0.5037,0.4139,4.6300,0min2sec
12060,-0.5033,0.4136,4.6295,0min2sec
12070,-0.5029,0.4133,4.6290,0min2sec
12080,-0.5025,0.4130,4.6285,0min2sec
12090,-0.5021,0.4127,4.6280,0min2sec
12100,-0.5017,0.4124,4.6275,0min2sec
12110,-0.5013,0.4121,4.6270,0min2sec
12120,-0.5009,0.4118,4.6265,0min2sec
12130,-0.5005,0.4115,4.6261,0min2sec
12140,-0.5002,0.4112,4.6256,0min2sec
12150,-0.4998,0.4109,4.6251,0min2sec
12160,-0.4994,0.4106,4.6246,0min2sec
12170,-0.4990,0.4103,4.6241,0min2sec
12180,-0.4986,0.4100,4.6236,0min2sec
12190,-0.4982,0.4097,4.6231,0min2sec
12200,-0.4978,0.4094,4.6226,0min2sec
12210,-0.4975,0.4091,4.6222,0min1sec
12220,-0.4971,0.4088,4.6217,0min1sec
12230,-0.4967,0.4085,4.6212,0min1sec
12240,-0.4963,0.4082,4.6207,0min1sec
12250,-0.4959,0.4079,4.6203,0min1sec
12260,-0.4956,0.4076,4.6198,0min1sec
12270,-0.4952,0.4073,4.6193,0min1sec
12280,-0.4948,0.4070,4.6188,0min1sec
12290,-0.4944,0.4067,4.6183,0min1sec
12300,-0.4941,0.4064,4.6179,0min1sec
12310,-0.4937,0.4061,4.6174,0min1sec
12320,-0.4933,0.4058,4.6169,0min1sec
12330,-0.4929,0.4056,4.6164,0min1sec
12340,-0.4926,0.4053,4.6159,0min1sec
12350,-0.4922,0.4050,4.6155,0min2sec
12360,-0.4918,0.4047,4.6150,0min2sec
12370,-0.4914,0.4044,4.6145,0min2sec
12380,-0.4911,0.4041,4.6141,0min2sec
12390,-0.4907,0.4038,4.6136,0min2sec
12400,-0.4903,0.4035,4.6131,0min2sec
12410,-0.4900,0.4032,4.6126,0min2sec
12420,-0.4896,0.4029,4.6122,0min2sec
12430,-0.4892,0.4026,4.6117,0min2sec
12440,-0.4889,0.4024,4.6112,0min2sec
12450,-0.4885,0.4021,4.6107,0min2sec
12460,-0.4881,0.4018,4.6103,0min2sec
12470,-0.4878,0.4015,4.6098,0min2sec
12480,-0.4874,0.4012,4.6093,0min2sec
12490,-0.4870,0.4009,4.6089,0min2sec
12500,-0.4867,0.4006,4.6084,0min2sec
12510,-0.4863,0.4004,4.6080,0min2sec
12520,-0.4860,0.4001,4.6075,0min2sec
12530,-0.4856,0.3998,4.6071,0min2sec
12540,-0.4852,0.3995,4.6066,0min2sec
12550,-0.4848,0.3992,4.6061,0min2sec
12560,-0.4845,0.3990,4.6057,0min2sec
12570,-0.4841,0.3987,4.6052,0min2sec
12580,-0.4838,0.3984,4.6048,0min2sec
12590,-0.4834,0.3981,4.6043,0min2sec
12600,-0.4831,0.3978,4.6039,0min2sec
12610,-0.4827,0.3976,4.6034,0min2sec
12620,-0.4824,0.3973,4.6030,0min2sec
12630,-0.4820,0.3970,4.6025,0min2sec
12640,-0.4816,0.3967,4.6021,0min2sec
12650,-0.4813,0.3964,4.6016,0min2sec
12660,-0.4809,0.3962,4.6012,0min2sec
12670,-0.4806,0.3959,4.6007,0min2sec
12680,-0.4802,0.3956,4.6003,0min2sec
12690,-0.4799,0.3953,4.5998,0min2sec
12700,-0.4795,0.3951,4.5994,0min2sec
12710,-0.4792,0.3948,4.5989,0min2sec
12720,-0.4788,0.3945,4.5985,0min2sec
12730,-0.4785,0.3942,4.5980,0min2sec
12740,-0.4781,0.3940,4.5976,0min2sec
12750,-0.4777,0.3937,4.5972,0min2sec
12760,-0.4774,0.3934,4.5967,0min2sec
12770,-0.4770,0.3931,4.5963,0min2sec
12780,-0.4767,0.3929,4.5958,0min2sec
12790,-0.4763,0.3926,4.5954,0min2sec
12800,-0.4760,0.3923,4.5950,0min2sec
12810,-0.4757,0.3921,4.5945,0min2sec
12820,-0.4753,0.3918,4.5941,0min2sec
12830,-0.4750,0.3915,4.5936,0min2sec
12840,-0.4746,0.3912,4.5932,0min2sec
12850,-0.4743,0.3910,4.5927,0min2sec
12860,-0.4739,0.3907,4.5923,0min2sec
12870,-0.4736,0.3904,4.5919,0min2sec
12880,-0.4732,0.3902,4.5914,0min2sec
12890,-0.4729,0.3899,4.5910,0min2sec
12900,-0.4725,0.3896,4.5906,0min2sec
12910,-0.4722,0.3894,4.5901,0min2sec
12920,-0.4719,0.3891,4.5897,0min2sec
12930,-0.4715,0.3888,4.5893,0min2sec
12940,-0.4712,0.3886,4.5889,0min2sec
12950,-0.4708,0.3883,4.5884,0min2sec
12960,-0.4705,0.3880,4.5880,0min2sec
12970,-0.4702,0.3878,4.5876,0min2sec
12980,-0.4698,0.3875,4.5871,0min2sec
12990,-0.4695,0.3872,4.5867,0min2sec
